Title,Authors,Abstract,Published Year,Published Month,Journal,Volume,Issue,Pages,Accession Number,DOI,Ref,Covidence #,Study,Notes,Tags
Distribution of Marburg virus in Africa: An evolutionary approach,"Zehender, G.; Sorrentino, C.; Veo, C.; Fiaschi, L.; Gioffre, S.; Ebranati, E.; Tanzi, E.; Ciccozzi, M.; Lai, A.; Galli, M.","The aim of this study was to investigate the origin and geographical dispersion of Marburg virus, the first member of the Filoviridae family to be discovered. Seventy-three complete genome sequences of Marburg virus isolated from animals and humans were retrieved from public databases and analysed using a Bayesian phylogeographical framework. The phylogenetic tree of the Marburg virus data set showed two significant evolutionary lineages: Ravn virus (RAVV) and Marburg virus (MARV). MARV divided into two main clades; clade A included isolates from Uganda (five from the European epidemic in 1967), Kenya (1980) and Angola (from the epidemic of 2004-2005); clade B included most of the isolates obtained during the 1999-2000 epidemic in the Democratic Republic of the Congo (DRC) and a group of Ugandan isolates obtained in 2007-2009. The estimated mean evolutionary rate of the whole genome was 3.3x10(-4) substitutions/site/year (credibility interval 2.0-4.8). The MARV strain had a mean root time of the most recent common ancestor of 177.9years ago (YA) (95% highest posterior density 87-284), thus indicating that it probably originated in the mid-XIX century, whereas the RAVV strain had a later origin dating back to a mean 33.8 YA. The most probable location of the MARV ancestor was Uganda (state posterior probability, spp=0.41), whereas that of the RAVV ancestor was Kenya (spp=0.71). There were significant migration rates from Uganda to the DRC (Bayes Factor, BF=42.0) and in the opposite direction (BF=5.7). Our data suggest that Uganda may have been the cradle of Marburg virus in Africa.",2016,,"Infection, genetics and evolution : journal of molecular epidemiology and evolutionary genetics in infectious diseases",44,,8-16,27282469,10.1016/j.meegid.2016.06.014,1809,#1483,Zehender 2016,"",Extracted; Mutation rate; Phylogenetic studies
Hemorrhagic fever virus infections in an isolated rainforest area of central Liberia. Limitations of the indirect immunofluorescence slide test for antibody screening in Africa,"Van der Waals, F. W.; Pomeroy, K. L.; Goudsmit, J.; Asher, D. M.; Gajdusek, D. C.","Serum samples from 119 healthy individuals and 106 epilepsy patients inhabiting Grand Bassa County, Liberia, were tested for antibodies to hemorrhagic fever viruses (HFV) by indirect immunofluorescence. E6 Vero cells infected with Lassa fever virus (LAS), Rift Valley Fever virus (RVF), Congo Hemorrhagic Fever virus (CON), Marburg virus (MBG) and the Ebola (EBO) virus strains Mayinga (May) and Boniface (Bon) were used as antigen. To obtain reproducible and specific test results sera had to be absorbed extensively with uninfected E6 Vero cells, tested for reactivity to both virus infected and uninfected E6 Vero cells and read ""blindly"" by two independent observers. Antibodies to EBO were shown to be highly prevalent (13.4%) in the population of this rainforest area, while prevalences of antibodies to LAS (1.3%), RVF (0.4%) and MBG (1.3%) were much lower. No correlation between past HFV infection and post-encephalitic epilepsy or other reported febrile illnesses could be established.",1986,,Tropical and geographical medicine,38,3,209-14,3092415,,2272,#1595,VanderWaals 1986,"",Attack rate; Extracted; Physical text
Marburgvirus genomics and association with a large hemorrhagic fever outbreak in Angola,"Towner, J. S.; Khristova, M. L.; Sealy, T. K.; Vincent, M. J.; Erickson, B. R.; Bawiec, D. A.; Hartman, A. L.; Comer, J. A.; Zaki, S. R.; Stroher, U.; Gomes da Silva, F.; del Castillo, F.; Rollin, P. E.; Ksiazek, T. G.; Nichol, S. T.","In March 2005, the Centers for Disease Control and Prevention (CDC) investigated a large hemorrhagic fever (HF) outbreak in Uige Province in northern Angola, West Africa. In total, 15 initial specimens were sent to CDC, Atlanta, Ga., for testing for viruses associated with viral HFs known to be present in West Africa, including ebolavirus. Marburgvirus was also included despite the fact that the origins of all earlier outbreaks were linked directly to East Africa. Surprisingly, marburgvirus was confirmed (12 of 15 specimens) as the cause of the outbreak. The outbreak likely began in October 2004 and ended in July 2005, and it included 252 cases and 227 (90%) fatalities (report from the Ministry of Health, Republic of Angola, 2005), making it the largest Marburg HF outbreak on record. A real-time quantitative reverse transcription-PCR assay utilized and adapted during the outbreak proved to be highly sensitive and sufficiently robust for field use. Partial marburgvirus RNA sequence analysis revealed up to 21% nucleotide divergence among the previously characterized East African strains, with the most distinct being Ravn from Kenya (1987). The Angolan strain was less different ( approximately 7%) from the main group of East African marburgviruses than one might expect given the large geographic separation. To more precisely analyze the virus genetic differences between outbreaks and among viruses within the Angola outbreak itself, a total of 16 complete virus genomes were determined, including those of the virus isolates Ravn (Kenya, 1987) and 05DRC, 07DRC, and 09DRC (Democratic Republic of Congo, 1998) and the reference Angolan virus isolate (Ang1379v). In addition, complete genome sequences were obtained from RNAs extracted from 10 clinical specimens reflecting various stages of the disease and locations within the Angolan outbreak. While the marburgviruses exhibit high overall genetic diversity (up to 22%), only 6.8% nucleotide difference was found between the West African Angolan viruses and the majority of East African viruses, suggesting that the virus reservoir species in these regions are not substantially distinct. Remarkably few nucleotide differences were found among the Angolan clinical specimens (0 to 0.07%), consistent with an outbreak scenario in which a single (or rare) introduction of virus from the reservoir species into the human population was followed by person-to-person transmission with little accumulation of mutations. This is in contrast to the 1998 to 2000 marburgvirus outbreak, where evidence of several virus genetic lineages (with up to 21% divergence) and multiple virus introductions into the human population was found.",2006,,Journal of virology,80,13,6497-516,16775337,10.1128/jvi.00069-06,1888,#1613,Towner 2006,"Janetta Skarp (2019-08-08 22:56:52)(Select): I feel like with all the information from this paper, a mutation rate could be calculated; ",Extracted; Historical outbreak; Mutation rate; Phylogenetic studies
Viral hemorrhagic fever antibodies in Nigerian populations,"Tomori, O.; Fabiyi, A.; Sorungbe, A.; Smith, A.; McCormick, J. B.","Using the immunofluorescence test, a serosurvey for antibodies to five viral agents associated with hemorrhagic febrile infections was conducted with 1,677 human sera from different parts of Nigeria. Three hundred fifty-seven (21.3%) were positive for Lassa virus antibody, while antibodies to Rift Valley fever virus were detected in 42 (2.5%) of the sera. Testing for Rift Valley fever virus antibody was confirmed by plaque reduction neutralization test. Antibodies to Ebola and Marburg viruses were detected in 30 and 29 sera, respectively. Of the 357 Lassa virus antibody-positive sera, 297 (83.2%) were positive for Lassa only. In contrast, sera positive for Marburg were positive in combination with Lassa, Ebola, or Rift Valley fever viruses. Antibodies to Lassa and Rift Valley fever viruses were found in all locations in Nigeria, whereas Ebola and Marburg antibodies were found mainly in the northern savanna zones of Benue and Gongola, but not in the rain forest area of Ondo.",1988,,The American journal of tropical medicine and hygiene,38,2,407-10,3128130,,2166,#1615,Tomori 1988,"Janetta Skarp (2019-10-24 21:47:29)(Select): seroprevalence not from the time of a Marburg outbreak - I think we only cared about outbreak-related seroprevalences
; ",Extracted
The origin and evolution of Ebola and Marburg viruses,"Suzuki, Y.; Gojobori, T.","Molecular evolutionary analyses for Ebola and Marburg viruses were conducted with the aim of elucidating evolutionary features of these viruses. In particular, the rate of nonsynonymous substitutions for the glycoprotein gene of Ebola virus was estimated to be, on the average, 3.6 x 10(-5) per site per year. Marburg virus was also suggested to be evolving at a similar rate. Those rates were a hundred times slower than those of retroviruses and human influenza A virus, but were of the same order of magnitude as that of the hepatitis B virus. When these rates were applied to the degree of sequence divergence, the divergence time between Ebola and Marburg viruses was estimated to be more than several thousand years ago. Moreover, most of the nucleotide substitutions were transitions and synonymous for Marburg virus. This suggests that purifying selection has operated on Marburg virus during evolution.",1997,,Molecular biology and evolution,14,8,800-6,9254917,10.1093/oxfordjournals.molbev.a025820,1897,#1649,Suzuki 1997,Janetta Skarp (2019-03-20 21:45:53)(Screen): mutation rate!; ,Extracted; Mutation rate
Marburg-virus disease in Kenya,"Smith, D. H.; Johnson, B. K.; Isaacson, M.; Swanapoel, R.; Johnson, K. M.; Killey, M.; Bagshawe, A.; Siongok, T.; Keruga, W. K.",,1982,,"Lancet (London, England)",1,8276,816-20,6122054,,1962,#1692,Smith 1982,"",Attack rate; Extracted; Historical outbreak; Physical text
Suspected Exposure to Filoviruses Among People Contacting Wildlife in Southwestern Uganda,"Smiley Evans, T.; Tutaryebwa, L.; Gilardi, K. V.; Barry, P. A.; Marzi, A.; Eberhardt, M.; Ssebide, B.; Cranfield, M. R.; Mugisha, O.; Mugisha, E.; Kellermann, S.; Mazet, J. A. K.; Johnson, C. K.","Background: Human and filovirus host interactions remain poorly understood in areas where Ebola hemorrhagic fever outbreaks are likely to occur. In the Bwindi region of Uganda, a hot spot of mammalian biodiversity in Africa, human livelihoods are intimately connected with wildlife, creating potential for exposure to filoviruses. Methods: We tested samples from 331 febrile patients presenting to healthcare facilities near Bwindi Impenetrable Forest, Uganda, by polymerase chain reaction (PCR) analysis and Western blot, using recombinant glycoprotein antigens for Ebola virus (EBOV), Sudan virus (SUDV), Bundibugyo virus (BDBV), and Marburg virus. Behavioral data on contact with wildlife were collected to examine risk factors for filovirus seropositivity. Results: All patients were negative for active filovirus infection, by PCR analysis. However, patients were seroreactive to SUDV (4.7%), EBOV (5.3%), and BDBV (8.9%), indicating previous exposure. Touching duikers was the most significant risk factor associated with EBOV seropositivity, while hunting primates and touching and/or eating cane rats were significant risk factors for SUDV seropositivity. Conclusions: People in southwestern Uganda have suspected previous exposure to filoviruses, particularly those with a history of wildlife contact. Circulation of filoviruses in wild animals and subsequent spillover into humans could be more common than previously reported.",2018,,The Journal of infectious diseases,218,suppl_5,S277-s286,29924324,10.1093/infdis/jiy251,2514,#1693,SmileyEvans 2018,Janetta Skarp (2019-08-08 01:05:03)(Select): Negative Marburg seroprevalence; ,Extracted
Calculation of incubation period and serial interval from multiple outbreaks of Marburg virus disease,"Pavlin, B. I.","BACKGROUND: Marburg viruses have been responsible for a number of outbreaks throughout sub-Saharan Africa, as well as a number of laboratory infections. Despite many years of experience with the viruses, little is known about several important epidemiologic parameters relating to the development of Marburg virus disease. The analysis uses pooled data from all Marburg cases between 1967 and 2008 to develop estimates for the incubation period and the clinical onset serial interval (COSI). METHODS: Data were obtained from original outbreak investigation forms (n=406) and from published data (n=45). Incubation periods were calculated for person-to-person exposure, for laboratory-acquired infections, and for presumed zoonotic exposures. Similar analysis was conducted for COSI, using only cases with unambiguous person-to-person transmission where both the primary and the secondary case patients had well-defined illness onsets. RESULTS: Seventy-six cases were retained for the incubation period analysis. Incubation periods ranged from a minimum of 2 days in the case of two laboratory workers to a maximum of at least 26 days for a person-to-person household transmission. Thirty-eight cases were retained for COSI analysis. The median COSI was 11 days, with an interquartile range of 8 to 15. CONCLUSIONS: This study extends the maximum known incubation period of Marburg virus disease to 26 days. The analysis was severely hampered by a lack of completeness in epidemiologic data. It is necessary to prioritize obtaining more accurate epidemiologic data in future outbreaks; greater use of COSI may facilitate an improved understanding of outbreak dynamics in Marburg and other diseases.",2014,,BMC research notes,7,,906,25495697,10.1186/1756-0500-7-906,1868,#1871,Pavlin 2014,"",Delays; Extracted; Historical outbreak; Review; Useful review
Serosurveillance of viral pathogens circulating in West Africa,"O'Hearn, A. E.; Voorhees, M. A.; Fetterer, D. P.; Wauquier, N.; Coomber, M. R.; Bangura, J.; Fair, J. N.; Gonzalez, J. P.; Schoepp, R. J.","BACKGROUND: Sub-Saharan Africa is home to a variety of pathogens, but disease surveillance and the healthcare infrastructure necessary for proper management and control are severely limited. Lassa virus, the cause of Lassa fever, a severe hemorrhagic fever in humans is endemic in West Africa. In Sierra Leone at the Kenema Government Hospital Lassa Diagnostic Laboratory, up to 70 % of acute patient samples suspected of Lassa fever test negative for Lassa virus infection. This large amount of acute undiagnosed febrile illness can be attributed in part to an array of hemorrhagic fever and arthropod-borne viruses causing disease that goes undetected and untreated. METHODS: To better define the nature and extent of viral pathogens infecting the Sierra Leonean population, we developed a multiplexed MAGPIX(R) assay to detect IgG antibodies against Lassa, Ebola, Marburg, Rift Valley fever, and Crimean-Congo hemorrhagic fever viruses as well as pan-assays for flaviviruses and alphaviruses. This assay was used to survey 675 human serum samples submitted to the Lassa Diagnostic Laboratory between 2007 and 2014. RESULTS: In the study population, 50.2 % were positive for Lassa virus, 5.2 % for Ebola virus, 10.7 % for Marburg virus, 1.8 % for Rift Valley fever virus, 2.0 % for Crimean-Congo hemorrhagic fever virus, 52.9 % for flaviviruses and 55.8 % for alphaviruses. CONCLUSIONS: These data exemplify the importance of disease surveillance and differential diagnosis for viral diseases in Sierra Leone. We demonstrate the endemic nature of some of these viral pathogens in the region and suggest that unrecognized outbreaks of viral infection have occurred.",2016,,Virology journal,13,1,163,27716429,10.1186/s12985-016-0621-4,2423,#1927,O'Hearn 2016,"",Attack rate; Extracted
"Isolated Case of Marburg Virus Disease, Kampala, Uganda, 2014","Nyakarahuka, L.; Ojwang, J.; Tumusiime, A.; Balinandi, S.; Whitmer, S.; Kyazze, S.; Kasozi, S.; Wetaka, M.; Makumbi, I.; Dahlke, M.; Borchert, J.; Lutwama, J.; Stroher, U.; Rollin, P. E.; Nichol, S. T.; Shoemaker, T. R.","In September 2014, a single fatal case of Marburg virus was identified in a healthcare worker in Kampala, Uganda. The source of infection was not identified, and no secondary cases were identified. We describe the rapid identification, laboratory diagnosis, and case investigation of the third Marburg virus outbreak in Uganda.",2017,,Emerging infectious diseases,23,6,1001-1004,28518032,10.3201/eid2306.170047,1816,#1930,Nyakarahuka 2017,Janetta Skarp (2019-03-20 02:39:58)(Screen): case study; ,Extracted; Historical outbreak
Risk Factors Associated with Ebola and Marburg Viruses Seroprevalence in Blood Donors in the Republic of Congo,"Moyen, N.; Thirion, L.; Emmerich, P.; Dzia-Lepfoundzou, A.; Richet, H.; Boehmann, Y.; Dimi, Y.; Gallian, P.; Gould, E. A.; Gunther, S.; de Lamballerie, X.","BACKGROUND: Ebola and Marburg viruses (family Filoviridae, genera Ebolavirus and Marburgvirus) cause haemorrhagic fevers in humans, often associated with high mortality rates. The presence of antibodies to Ebola virus (EBOV) and Marburg virus (MARV) has been reported in some African countries in individuals without a history of haemorrhagic fever. In this study, we present a MARV and EBOV seroprevalence study conducted amongst blood donors in the Republic of Congo and the analysis of risk factors for contact with EBOV. METHODOLOGY AND FINDINGS: In 2011, we conducted a MARV and EBOV seroprevalence study amongst 809 blood donors recruited in rural (75; 9.3%) and urban (734; 90.7%) areas of the Republic of Congo. Serum titres of IgG antibodies to MARV and EBOV were assessed by indirect double-immunofluorescence microscopy. MARV seroprevalence was 0.5% (4 in 809) without any identified risk factors. Prevalence of IgG to EBOV was 2.5%, peaking at 4% in rural areas and in Pointe Noire. Independent risk factors identified by multivariate analysis were contact with bats and exposure to birds. CONCLUSIONS/SIGNIFICANCE: This MARV and EBOV serological survey performed in the Republic of Congo identifies a probable role for environmental determinants of exposure to EBOV. It highlights the requirement for extending our understanding of the ecological and epidemiological risk of bats (previously identified as a potential ecological reservoir) and birds as vectors of EBOV to humans, and characterising the protection potentially afforded by EBOV-specific antibodies as detected in blood donors.",2015,,PLoS neglected tropical diseases,9,6,e0003833,26047124,10.1371/journal.pntd.0003833,2332,#1983,Moyen 2015,Janetta Skarp (2019-03-19 22:55:21)(Screen): human seroprevalence; ,Attack rate; Extracted
Repeated outbreaks of viral hemorrhagic fevers in Uganda,"Mbonye, A.; Wamala, J.; Winyi, Kaboyo; Tugumizemo, V.; Aceng, J.; Makumbi, I.","BACKGROUND: Since the year 2000, Uganda has experienced repeated outbreaks of viral hemorrhagic fevers (VHF). Ebola VHF outbreak occurred in the districts of Gulu in 2000, Bundibugyo, 2007, Luwero, 2011, Kibaale in July 2012, Luwero in November 2012. Marburg VHF was earlier reported in Ibanda in 2007. More recently in 2012, two outbreaks of Marburg VHF have occurred in Ibanda and Kabale districts. OBJECTIVE: To present the epidemiological picture of the Marburg VHF recently reported in Ibanda and Kabale districts and propose research questions to generate evidence to mitigate future epidemics. METHODS: A case definition for a VHF was developed. A frequency distribution of symptoms of confirmed and probable cases was done. Descriptive analyses of reported cases using simple percentages, percent distributions and computation of means was performed. RESULTS: The Marburg epidemic was reported in early September and by November 2012, a cumulative of 14 cases (9 confirmed and 5 probable) including 7 deaths had been registered, giving a case fatality rate (CFR) of 50%. A total of 202 contacts had been listed; out of which 193 had completed the 21-day follow-up period. The index case was a 33-year old male, a teacher at Nyakatukura Secondary School in Ibanda district. He travelled to Ibanda from Kabale, his home district on 31st August 2012, reportedly healthy. He fell sick on 3rd September 2012 with complaints of fever, headache, loss of appetite and general body weakness. Overall, the dominant symptoms for all cases were fever, vomiting, loss of appetite, headache, abdominal pain, fatigue, diarrhea, and the least in occurrence was bleeding which accounted for 35.5% of all the cases. CONCLUSION: The source of infection for all the five Ebola Hemorrhagic fever outbreaks in Uganda and the recent Marburg VHF outbreak in Ibanda and Kabale is not known. Currently there is suspicion that there could be an animal reservoir of the Ebola and Marburg viruses from where occasional spillage into the human population occurs resulting in disease outbreaks. This and other hypotheses require further investigation.",2012,,African health sciences,12,4,579-83,23516123,,2068,#2032,Mbonye 2012,"",Extracted; Historical outbreak
Antibodies to haemorrhagic fever viruses in Madagascar populations,"Mathiot, C. C.; Fontenille, D.; Georges, A. J.; Coulanges, P.","Sera of 381 adult people from 5 areas in Madagascar were tested by the indirect immunofluorescence method for antibodies against Congo-Crimean haemorrhagic fever and Rift Valley fever viruses (Bunyaviridae), Ebola (strains Zaire and Sudan) and Marburg viruses (Filoviridae), and Lassa virus (Arenaviridae). The highest prevalence rate was that of Ebola virus (4.5%). As no haemorrhagic syndrome has been found associated with this virus, the possible presence of a less pathogenic, antigenically related, strain is discussed. The prevalences of Congo-Crimean haemorrhagic fever and Rift Valley viruses were very low, despite previous viral isolations from potential vectors. No serum reacted against Lassa or Marburg antigens. The results are analysed in the light of the geographical and bioecological characteristics of Madagascar, which is a true 'microcontinent' very different from the African mainland.",1989,,Transactions of the Royal Society of Tropical Medicine and Hygiene,83,3,407-9,2515626,,2136,#2042,Mathiot 1989,"",Attack rate; Extracted
"A hitherto unknown infectious disease contracted from monkeys. ""Marburg-virus"" disease","Martini, G. A.; Knauff, H. G.; Schmidt, H. A.; Mayer, G.; Baltzer, G.",,1968,,German medical monthly,13,10,457-70,4974179,,2135,#2059,Martini 1968,"Christian Morgenstern (2023-03-01 06:59:14)(Included): Added pdf of paper  ; Janetta Skarp (2019-10-21 21:33:02)(Select): incubation period, historical outbreak, CFR; Janetta Skarp (2019-10-18 02:13:28)(Select): Requested from library 17/10/2019; ",Delays; Extracted; Historical outbreak; Physical text; Severity
Marburg virus disease,"Martini, G. A.",,1973,,Postgraduate medical journal,49,574,542-6,4207635,,1949,#2060,Martini 1973,"",Extracted; Historical outbreak
"Arbovirus infections and viral haemorrhagic fevers in Uganda: a serological survey in Karamoja district, 1984","Rodhain, F.; Gonzalez, J. P.; Mercier, E.; Helynck, B.; Larouze, B.; Hannoun, C.","Sera collected in May 1984 from 132 adult residents of Karamoja district, Uganda, were examined by haemagglutination inhibition tests for antibodies against selected arboviruses, namely Chikungunya and Semliki Forest alphaviruses (Togaviridae); dengue type 2, Wesselsbron, West Nile, yellow fever and Zika flaviviruses (Flaviviridae); Bunyamwera, Ilesha and Tahyna bunyaviruses (Bunyaviridae); and Sicilian sandfly fever phlebovirus (Bunyaviridae); and by immunofluorescence tests against certain haemorrhagic fever viruses, Lassa fever arenavirus (Arenaviridae), Ebola-Sudan, Ebola-Zaire and Marburg filoviruses (Filoviridae), Crimean-Congo haemorrhagic fever nairovirus and Rift Valley fever phlebovirus (Bunyaviridae). Antibodies against Chikungunya virus were the most prevalent (47%), followed by flavivirus antibodies (16%), which were probably due mainly to West Nile virus. No evidence of yellow fever or dengue virus circulation was observed. A few individuals had antibodies against Crimean-Congo haemorrhagic fever, Lassa, Ebola and Marburg viruses, suggesting that these viruses all circulate in the area.",1989,,Transactions of the Royal Society of Tropical Medicine and Hygiene,83,6,851-4,2559514,,2151,#2116,Rodhain 1989,"",Attack rate; Extracted
"Factors associated with Marburg hemorrhagic fever: analysis of patient data from Uige, Angola","Roddy, P.; Thomas, S. L.; Jeffs, B.; Nascimento Folo, P.; Pablo Palma, P.; Moco Henrique, B.; Villa, L.; Damiao Machado, F. P.; Bernal, O.; Jones, S. M.; Strong, J. E.; Feldmann, H.; Borchert, M.","BACKGROUND: Reliable on-site polymerase chain reaction (PCR) testing for Marburg hemorrhagic fever (MHF) is not always available. Therefore, clinicians triage patients on the basis of presenting symptoms and contact history. Using patient data collected in Uige, Angola, in 2005, we assessed the sensitivity and specificity of these factors to evaluate the validity of World Health Organization (WHO)-recommended case definitions for MHF. METHODS: Multivariable logistic regression was used to identify independent predictors of PCR confirmation of MHF. A data-derived algorithm was developed to obtain new MHF case definitions with improved sensitivity and specificity. RESULTS: A MHF case definition comprising (1) an epidemiological link or (2) the combination of myalgia or arthralgia and any hemorrhage could potentially serve as an alternative to current case definitions. Our data-derived case definitions maintained the sensitivity and improved the specificity of current WHO-recommended case definitions. CONCLUSIONS: Continued efforts to improve clinical documentation during filovirus outbreaks would aid in the refinement of case definitions and facilitate outbreak control.",2010,,The Journal of infectious diseases,201,12,1909-18,20441515,10.1086/652748,2054,#2120,Roddy 2010,Janetta Skarp (2019-08-07 20:30:15)(Select): Including preliminarily for now; Janetta Skarp (2019-08-07 20:28:51)(Select): Can MHF predictors be converted to risk factors..?; ,Extracted; Risk factors
"Multidistrict Outbreak of Marburg Virus Disease-Uganda, 2012","Knust, B.; Schafer, I. J.; Wamala, J.; Nyakarahuka, L.; Okot, C.; Shoemaker, T.; Dodd, K.; Gibbons, A.; Balinandi, S.; Tumusiime, A.; Campbell, S.; Newman, E.; Lasry, E.; DeClerck, H.; Boum, Y.; Makumbi, I.; Bosa, H. K.; Mbonye, A.; Aceng, J. R.; Nichol, S. T.; Stroher, U.; Rollin, P. E.","In October 2012, a cluster of illnesses and deaths was reported in Uganda and was confirmed to be an outbreak of Marburg virus disease (MVD). Patients meeting the case criteria were interviewed using a standard investigation form, and blood specimens were tested for evidence of acute or recent Marburg virus infection by reverse transcription-polymerase chain reaction (RT-PCR) and antibody enzyme-linked immunosorbent assay. The total count of confirmed and probable MVD cases was 26, of which 15 (58%) were fatal. Four of 15 laboratory-confirmed cases (27%) were fatal. Case patients were located in 4 different districts in Uganda, although all chains of transmission originated in Ibanda District, and the earliest case detected had an onset in July 2012. No zoonotic exposures were identified. Symptoms significantly associated with being a MVD case included hiccups, anorexia, fatigue, vomiting, sore throat, and difficulty swallowing. Contact with a case patient and attending a funeral were also significantly associated with being a case. Average RT-PCR cycle threshold values for fatal cases during the acute phase of illness were significantly lower than those for nonfatal cases. Following the institution of contact tracing, active case surveillance, care of patients with isolation precautions, community mobilization, and rapid diagnostic testing, the outbreak was successfully contained 14 days after its initial detection.",2015,,The Journal of infectious diseases,212 Suppl 2,,S119-28,26209681,10.1093/infdis/jiv351,1866,#2241,Knust 2015,"",Extracted; Historical outbreak; Risk factors
Ebola and Marburg virus antibody prevalence in selected populations of the Central African Republic,"Gonzalez, J. P.; Nakoune, E.; Slenczka, W.; Vidal, P.; Morvan, J. M.","With the natural history of the filovirus family seemingly unknown, filovirus ecology in its natural environment remains a rudimentary field of research. In order to investigate the maintenance cycle of filovirus in Central Africa, a study was conducted within the rain forest of the Central African Republic. The epidemiological study determines the frequency and distribution of filovirus seroprevalence in a selected human population. Using an ELISA, serum samples from Pygmy and non-Pygmy populations were tested for Ebola-Zaire virus and Marburg (MBG) virus antibody. Filovirus antibody reacting sera were found in all zones investigated, and in all populations studied (Ebola virus IgG 5.3%; Marburg virus IgG 2.4%). Pygmies appeared to have a significantly higher seroprevalence (P < 0.03) against Ebola-Zaire virus (7.02%) than non-Pygmies (4.2%). MBG virus or related unknown filovirus strains also seem to be present in the western part of Central Africa. MBG virus antibodies were present in different Pygmy groups (ranging from 0.7 to 5.6%, mean 2.05%) and in several non-Pygmy populations (ranging from 0.0 to 3.9%, mean 3.4%) without an overall significant difference between the two groups (P = 0.14). The potentialities of nonpathogenic filovirus strains circulating in the Central African Republic are discussed.",2000,,Microbes and infection,2,1,39-44,10717539,,1959,#2369,Gonzalez 2000,"",Attack rate; Extracted
Antibody prevalence against haemorrhagic fever viruses in randomized representative Central African populations,"Gonzalez, J. P.; Josse, R.; Johnson, E. D.; Merlin, M.; Georges, A. J.; Abandja, J.; Danyod, M.; Delaporte, E.; Dupont, A.; Ghogomu, A.; et al.","Between 1985 and 1987, 5,070 randomly selected persons living in 6 central African countries (Cameroon, Central African Republic, Chad, Congo, Equatorial Guinea and Gabon) were checked for serological evidence of haemorrhagic fever. Rural and urban areas were studied, including ecoclimatic zones ranging from dry savana to tropical rain forest. Virus-reactive antibodies were found with all antigens tested, and the global prevalence of positive sera was distributed as follows: Crimean-Congo haemorrhagic fever virus, 0.22%; Rift Valley fever virus, 0.18%; Ebola virus, 12.40%; Marburg virus, 0.39%; Lassa virus, 0.06%; and Hantaan virus, 6.15%. A significant variation in antibody prevalence was observed within the study regions. Association between the viruses was not observed.",1989,,Research in virology,140,4,319-31,2505350,,2092,#2370,Gonzalez 1989,"",Attack rate; Extracted
Haemorrhagic fevers of Africa: an account of two recent outbreaks,"Gear, J. H.",,1977,,Journal of the South African Veterinary Association,48,1,5-8,406394,,2716,#2405,Gear 1977,Janetta Skarp (2019-08-23 19:41:17)(Select): No references? Most likely not a peer-reviewed paper; ,Extracted; Physical text
"Epidemiologic investigation of Marburg virus disease, Southern Africa, 1975","Conrad, J. L.; Isaacson, M.; Smith, E. B.; Wulff, H.; Crees, M.; Geldenhuys, P.; Johnston, J.","During the first 10 days of February 1975, an Australian hitchhiker contracted Marburg virus disease while traveling through Rhodesia and died; the infection was subsequently passed to two other persons, who recovered. Investigators retraced the hitchhiker's steps in March and again in June 1975 in an effort to uncover the natural reservoir of the virus and determine how it was transmitted. Serum samples were collected from humans and animals wherever the patient had come in close contact with animals or insects. Arthropods of various types were collected in June 1975 and again in February 1976 for virus isolation attempts; at no time did the patient come in direct contact with nonhuman primates of any kind, or any other animals. Indirect contact with bats, monkeys, and birds through aerosols was possible, though at some distance. Direct contact with arthropods occurred throughout the trip; on several occasions it was notably severe. We believe that during this outbreak the first Marburg virus infection occurred by vector-borne transmission from an arthropod yet to be identified, and that patients 2 and 3 acquired the disease by exposure to the oropharyngeal secretions of patients 1 and 2, respectively. Studies are underway to identify the species of arthropod involved in this transmission.",1978,,The American journal of tropical medicine and hygiene,27,6,1210-5,569445,,2308,#2573,Conrad 1978,Janetta Skarp (2019-08-22 23:50:44)(Select): Also has a reference to another paper for the incubation period; ,Extracted; Historical outbreak; Physical text
Haemorrhagic fever virus activity in equatorial Africa: distribution and prevalence of filovirus reactive antibody in the Central African Republic,"Johnson, E. D.; Gonzalez, J. P.; Georges, A.","Seroepidemiological surveys were conducted to determine the frequency and distribution of haemorrhagic fever virus (HFV) activity in the Central African Republic. Human serum specimens (4295) were collected from 5 ecologically distinct zones. Serological evidence of HFV activity was found in all the zones. The filovirus antibody prevalence (24.4%, 1051/4295) was greater than the combined prevalence for Lassa virus, Rift Valley fever virus and Crimean-Congo HFV antibody (1.1%, 45/4295; P < 0.01). Evidence of filovirus activity was found in all zones: 21.3% (914/4295) of the population were seropositive for Ebola virus antibody while only 3.2% (137/4295) were seroreactive with Marburg viral antigens. Age and sex were important host-related factors influencing filovirus activity, particularly in dry grassland and moist forest communities. These communities shared many factors, but differences, such as agricultural practices and ethnic backgrounds, may also affect the risk of infection. Filovirus infections appear to occur without apparent disease. Continued investigations are needed to evaluate the true pathogenicity of the African filoviruses and the likelihood that unidentified serologically cross-reacting and non-pathogenic members of the filovirus family are active in equatorial Africa.",1993,,Transactions of the Royal Society of Tropical Medicine and Hygiene,87,5,530-5,8266402,,2485,#2596,Johnson 1993,Janetta Skarp (2019-03-19 20:18:18)(Screen): seroprevalence in humans. age-stratified Marburg +; ,Attack rate; Extracted
Filovirus activity among selected ethnic groups inhabiting the tropical forest of equatorial Africa,"Johnson, E. D.; Gonzalez, J. P.; Georges, A.",Seroepidemiological surveys were conducted to determine the frequency and distribution of filovirus activity among selected ethnic groups inhabiting the tropical forests of the Central African Republic. 427 serum specimens were collected from hunter-gatherers and subsistence farmers living in forest environs in the Lobaye District south of the river Lobaye and west of the river Oubangui. Striking serological evidence for filovirus activity was found in both populations. Ebola virus appears to be the most active filovirus; 17.6% (75/427) of the Lobaye survey population were seropositive for Ebola virus reactive antibody while 1.2% (5/427) were seroreactive with Marburg viral antigens. Ethnic background appeared to be an important risk factor influencing filovirus exposure in the forest communities. The filovirus antibody prevalence among 21-40 years old male Aka Pygmy hunter-gatherers was significantly (P = 0.03) 3 times higher (37.5%) than that in similarly aged male Monzombo and Mbati subsistence farmers (13.2%). Continued epidemiological investigations are needed to define ethnic-related events influencing human filovirus activity in the Congo basin of equatorial Africa.,1993,,Transactions of the Royal Society of Tropical Medicine and Hygiene,87,5,536-8,8266403,,2280,#2597,Johnson 1993,Janetta Skarp (2019-03-19 20:18:41)(Screen): seroprevalence and risk factors; ,Attack rate; Extracted; Risk factors
"Viral haemorrhagic fever surveillance in Kenya, 1980-1981","Johnson, B. K.; Ocheng, D.; Gitau, L. G.; Gichogo, A.; Tukei, P. M.; Ngindu, A.; Langatt, A.; Smith, D. H.; Johnson, K. M.; Kiley, M. P.; Swanepoel, R.; Isaacson, M.","Following two cases of Marburg virus disease in Kenya in 1980, viral haemorrhagic fever surveillance was undertaken in western Kenya. Over a 21-month period investigations, including virus isolation attempts, patient and contact serology, visits to areas where suspected cases occurred, interviewing family members and neighbours of suspected cases and following up any additional illnesses in these areas, were carried out. During the study two cases were found that were likely to have been Ebola haemorrhagic fever based on rising antibody titres or positive serology in contacts. Diagnoses of hepatitis A, hepatitis B, malaria, bacterial septicaemia or other causes were arrived at in 24 cases. No diagnosis could be made in 26 instances. 741 human sera were tested for antibodies against Marburg, Ebola, Congo haemorrhagic fever, Rift Valley fever or Lassa fever viruses by indirect fluorescence. Eight sera were positive for Ebola virus antibodies, all of which were from suspected cases or contacts of suspected cases. Two sera were antibody positive to Congo virus and one had antibodies against Rift Valley fever virus. No Marburg or Lassa virus antibodies were detected.",1983,,Tropical and geographical medicine,35,1,43-7,6684336,,2310,#2600,Johnson 1983,Janetta Skarp (2019-08-23 20:32:17)(Select): negative Marburg seroprevalence; ,Attack rate; Extracted; Physical text
Antibodies against haemorrhagic fever viruses in Kenya populations,"Johnson, B. K.; Ocheng, D.; Gichogo, A.; Okiro, M.; Libondo, D.; Tukei, P. M.; Ho, M.; Mugambi, M.; Timms, G. L.; French, M.","Human sera from Lodwar (77 sera), Nzoia (841 sera), Masinga (251 sera), Laisamis (174 sera) and the Malindi/Kilifi area (556 sera) in Kenya were tested by indirect immunofluorescence for antibodies against Marburg, Ebola (Zaire and Sudan strains), Congo haemorrhagic fever, Rift Valley fever and Lassa viruses. Antibodies against Ebola virus, particularly the Zaire strain, were detected in all regions and were, over-all, more abundant than antibodies against the other antigens. Ebola and Marburg antibody prevalence rates were highest in the samples from Lodwar and Laisamis, both semi-desert areas. Antibodies against Rift Valley fever virus were also highest in the Lodwar sample followed by Malindi/Kilifi and Laisamis. Congo haemorrhagic fever virus antibodies were rare and no antibodies against Lassa virus were detected in the 1899 sera tested.",1983,,Transactions of the Royal Society of Tropical Medicine and Hygiene,77,5,731-3,6419422,,2163,#2601,Johnson 1983,"",Attack rate; Extracted
"Haemorrhagic fever in Gabon. I. Incidence of Lassa, Ebola and Marburg viruses in Haut-Ogooue","Ivanoff, B.; Duquesnoy, P.; Languillat, G.; Saluzzo, J. F.; Georges, A.; Gonzalez, J. P.; McCormick, J.","A serological enquiry aimed at determining the incidence of infection with Lassa, Ebola and Marburg viruses was conducted on the human population of the region of Haut-Ogooue (Gabon) and on primates. The results, obtained by the indirect immunofluorescence technique, showed that more than 6% of the human population had had contact with Ebola virus but no antibodies against Marburg or Lassa viruses were found. Most sera reacted to an Ebola antigen from a Zairian strain, but showed little or no reaction to an antigen from a Sudanese strain.",1982,,Transactions of the Royal Society of Tropical Medicine and Hygiene,76,6,719-20,7164137,,2053,#2614,Ivanoff 1982,Janetta Skarp (2019-07-29 21:03:48)(Select): Found that no-one was Marburg +; ,Attack rate; Extracted
Molecular evolution of viruses of the family Filoviridae based on 97 whole-genome sequences,"Carroll, S. A.; Towner, J. S.; Sealy, T. K.; McMullan, L. K.; Khristova, M. L.; Burt, F. J.; Swanepoel, R.; Rollin, P. E.; Nichol, S. T.","Viruses in the Ebolavirus and Marburgvirus genera (family Filoviridae) have been associated with large outbreaks of hemorrhagic fever in human and nonhuman primates. The first documented cases occurred in primates over 45 years ago, but the amount of virus genetic diversity detected within bat populations, which have recently been identified as potential reservoir hosts, suggests that the filoviruses are much older. Here, detailed Bayesian coalescent phylogenetic analyses are performed on 97 whole-genome sequences, 55 of which are newly reported, to comprehensively examine molecular evolutionary rates and estimate dates of common ancestry for viruses within the family Filoviridae. Molecular evolutionary rates for viruses belonging to different species range from 0.46 x 10(-4) nucleotide substitutions/site/year for Sudan ebolavirus to 8.21 x 10(-4) nucleotide substitutions/site/year for Reston ebolavirus. Most recent common ancestry can be traced back only within the last 50 years for Reston ebolavirus and Zaire ebolavirus species and suggests that viruses within these species may have undergone recent genetic bottlenecks. Viruses within Marburg marburgvirus and Sudan ebolavirus species can be traced back further and share most recent common ancestors approximately 700 and 850 years before the present, respectively. Examination of the whole family suggests that members of the Filoviridae, including the recently described Lloviu virus, shared a most recent common ancestor approximately 10,000 years ago. These data will be valuable for understanding the evolution of filoviruses in the context of natural history as new reservoir hosts are identified and, further, for determining mechanisms of emergence, pathogenicity, and the ongoing threat to public health.",2013,,Journal of virology,87,5,2608-16,23255795,10.1128/jvi.03118-12,2034,#2696,Carroll 2013,Janetta Skarp (2019-03-15 20:59:44)(Screen): Phylogenetic analysis; ,Extracted; Mutation rate; Phylogenetic studies
Short communication: a cluster of Marburg virus disease involving an infant,"Borchert, M.; Muyembe-Tamfum, J. J.; Colebunders, R.; Libande, M.; Sabue, M.; Van Der Stuyft, P.",A noteworthy cluster of six cases of Marburg haemorrhagic fever (MHF) was identified in the Democratic Republic of Congo. One of the cases is the first infant Marburg fever patient ever documented. Three of six cases presented surprisingly mild symptoms. The results of epidemiological and virological investigations are compatible with person-to-person transmission through body fluids and with mother-to-child transmission while nurturing. The findings show that mild cases of MHF have to be expected during an outbreak and point out the difficulty to base patient management decisions on clinical case definitions alone.,2002,,Tropical medicine & international health : TM & IH,7,10,902-6,12358627,,2084,#2759,Borchert 2002,"",Extracted; Historical outbreak
Pygmy populations seronegative for Marburg virus,"Borchert, M.; Mulangu, S.; Swanepoel, R.; Tshomba, A.; Afounde, A.; Kulidri, A.; Muyembe-Tamfum, J. J.; Van der Stuyft, P.",,2005,,Emerging infectious diseases,11,1,174-7,15714665,10.3201/eid1101.040377,1995,#2761,Borchert 2005,"",Attack rate; Extracted; Risk factors
Serosurvey on household contacts of Marburg hemorrhagic fever patients,"Borchert, M.; Mulangu, S.; Swanepoel, R.; Libande, M. L.; Tshomba, A.; Kulidri, A.; Muyembe-Tamfum, J. J.; Van der Stuyft, P.","The first major outbreak of Marburg hemorrhagic fever (MHF) outside a laboratory environment occurred in the subdistrict of Watsa, Democratic Republic of Congo, from October 1998 to August 2000. We performed a serosurvey of household contacts of MHF patients to identify undetected cases, ascertain the frequency of asymptomatic Marburg infection, and estimate secondary attack risk and postintervention reproduction number. Contacts were interviewed about their exposure and symptoms consistent with MHF. Blood samples were tested for anti-Marburg immunoglobulin G (IgG). One hundred twenty-one (51%) of 237 identified contacts participated; 72 (60%) were not known to the health authorities. Two participating contacts were seropositive and reported becoming ill after the contact; no serologic evidence for asymptomatic or mild Marburg infection was found. The secondary attack risk was 21%; the postintervention reproduction number was 0.9, consistent with an outbreak sustained by repeated primary transmission, rather than large-scale secondary transmission.",2006,,Emerging infectious diseases,12,3,433-9,16704781,10.3201/eid1205.050622,2551,#2762,Borchert 2006,Janetta Skarp (2019-03-15 20:45:23)(Screen): Human seroprevalence; ,Attack rate; Extracted; Transmissibility
Evidence for occurrence of filovirus antibodies in humans and imported monkeys: do subclinical filovirus infections occur worldwide?,"Becker, S.; Feldmann, H.; Will, C.; Slenczka, W.","In the present serological study 120 monkey sera from different species originating from the Philippines, China, Uganda and undetermined sources and several groups of human sera comprising a total of 1288 specimens from people living in Germany were examined for the presence of antibodies directed against filoviruses (Marburg virus, strain Musoke/Ebola virus, subtype Zaire, strain Mayinga/Reston virus). Sera were screened using a filovirus-specific enzyme-linked immunosorbent assay (ELISA). ELISA-positive sera were then confirmed by the indirect immunofluorescence technique, Western blot technique, and a blocking assay, and declared positive when at least one confirmation test was reactive. Altogether 43.3% of the monkey sera and 6.9% of the human sera reacted positively with at least one of the three different filovirus antigens. The blocking assays show that antibodies, detected in the sera, are directed to specific filovirus antigens and not caused by antigenic cross-reactivity with hitherto unknown agents. Data presented in this report suggest that subclinical filovirus infections may also occur in humans and in subhuman primates. They further suggest that filoviruses are not restricted to the African continent.",1992,,Medical microbiology and immunology,181,1,43-55,1579085,,2350,#2808,Becker 1992,"",Attack rate; Extracted; Seroprevalence in animals
Marburg hemorrhagic fever associated with multiple genetic lineages of virus,"Bausch, D. G.; Nichol, S. T.; Muyembe-Tamfum, J. J.; Borchert, M.; Rollin, P. E.; Sleurs, H.; Campbell, P.; Tshioko, F. K.; Roth, C.; Colebunders, R.; Pirard, P.; Mardel, S.; Olinda, L. A.; Zeller, H.; Tshomba, A.; Kulidri, A.; Libande, M. L.; Mulangu, S.; Formenty, P.; Grein, T.; Leirs, H.; Braack, L.; Ksiazek, T.; Zaki, S.; Bowen, M. D.; Smit, S. B.; Leman, P. A.; Burt, F. J.; Kemp, A.; Swanepoel, R.","BACKGROUND: An outbreak of Marburg hemorrhagic fever was first observed in a gold-mining village in northeastern Democratic Republic of the Congo in October 1998. METHODS: We investigated the outbreak of Marburg hemorrhagic fever most intensively in May and October 1999. Sporadic cases and short chains of human-to-human transmission continued to occur until September 2000. Suspected cases were identified on the basis of a case definition; cases were confirmed by the detection of virus antigen and nucleic acid in blood, cell culture, antibody responses, and immunohistochemical analysis. RESULTS: A total of 154 cases (48 laboratory-confirmed and 106 suspected) were identified (case fatality rate, 83 percent); 52 percent of cases were in young male miners. Only 27 percent of these men reported having had contact with other affected persons, whereas 67 percent of patients who were not miners reported such contact (P<0.001). Most of the affected miners (94 percent) worked in an underground mine. Cessation of the outbreak coincided with flooding of the mine. Epidemiologic evidence of multiple introductions of infection into the population was substantiated by the detection of at least nine genetically distinct lineages of virus in circulation during the outbreak. CONCLUSIONS: Marburg hemorrhagic fever can have a very high case fatality rate. Since multiple genetic variants of virus were identified, ongoing introduction of virus into the population helped perpetuate this outbreak. The findings imply that reservoir hosts of Marburg virus inhabit caves, mines, or similar habitats.",2006,,The New England journal of medicine,355,9,909-19,16943403,10.1056/NEJMoa051465,2022,#2819,Bausch 2006,"",Extracted; Historical outbreak; Severity
"Risk factors for Marburg hemorrhagic fever, Democratic Republic of the Congo","Bausch, D. G.; Borchert, M.; Grein, T.; Roth, C.; Swanepoel, R.; Libande, M. L.; Talarmin, A.; Bertherat, E.; Muyembe-Tamfum, J. J.; Tugume, B.; Colebunders, R.; Konde, K. M.; Pirad, P.; Olinda, L. L.; Rodier, G. R.; Campbell, P.; Tomori, O.; Ksiazek, T. G.; Rollin, P. E.","We conducted two antibody surveys to assess risk factors for Marburg hemorrhagic fever in an area of confirmed Marburg virus transmission in the Democratic Republic of the Congo. Questionnaires were administered and serum samples tested for Marburg-specific antibodies by enzyme-linked immunosorbent assay. Fifteen (2%) of 912 participants in a general village cross-sectional antibody survey were positive for Marburg immunoglobulin G antibody. Thirteen (87%) of these 15 were men who worked in the local gold mines. Working as a miner (odds ratio [OR] 13.9, 95% confidence interval [CI] 3.1 to 62.1) and receiving injections (OR 7.4, 95% CI 1.6 to 33.2) were associated with a positive antibody result. All 103 participants in a targeted antibody survey of healthcare workers were antibody negative. Primary transmission of Marburg virus to humans likely occurred via exposure to a still unidentified reservoir in the local mines. Secondary transmission appears to be less common with Marburg virus than with Ebola virus, the other known filovirus.",2003,,Emerging infectious diseases,9,12,1531-7,14720391,10.3201/eid0912.030355,2024,#2822,Bausch 2003,"",Attack rate; Extracted; Risk factors
Seasonal pulses of Marburg virus circulation in juvenile Rousettus aegyptiacus bats coincide with periods of increased risk of human infection,"Amman, B. R.; Carroll, S. A.; Reed, Z. D.; Sealy, T. K.; Balinandi, S.; Swanepoel, R.; Kemp, A.; Erickson, B. R.; Comer, J. A.; Campbell, S.; Cannon, D. L.; Khristova, M. L.; Atimnedi, P.; Paddock, C. D.; Crockett, R. J.; Flietstra, T. D.; Warfield, K. L.; Unfer, R.; Katongole-Mbidde, E.; Downing, R.; Tappero, J. W.; Zaki, S. R.; Rollin, P. E.; Ksiazek, T. G.; Nichol, S. T.; Towner, J. S.","Marburg virus (family Filoviridae) causes sporadic outbreaks of severe hemorrhagic disease in sub-Saharan Africa. Bats have been implicated as likely natural reservoir hosts based most recently on an investigation of cases among miners infected in 2007 at the Kitaka mine, Uganda, which contained a large population of Marburg virus-infected Rousettus aegyptiacus fruit bats. Described here is an ecologic investigation of Python Cave, Uganda, where an American and a Dutch tourist acquired Marburg virus infection in December 2007 and July 2008. More than 40,000 R. aegyptiacus were found in the cave and were the sole bat species present. Between August 2008 and November 2009, 1,622 bats were captured and tested for Marburg virus. Q-RT-PCR analysis of bat liver/spleen tissues indicated ~2.5% of the bats were actively infected, seven of which yielded Marburg virus isolates. Moreover, Q-RT-PCR-positive lung, kidney, colon and reproductive tissues were found, consistent with potential for oral, urine, fecal or sexual transmission. The combined data for R. aegyptiacus tested from Python Cave and Kitaka mine indicate low level horizontal transmission throughout the year. However, Q-RT-PCR data show distinct pulses of virus infection in older juvenile bats (~six months of age) that temporarily coincide with the peak twice-yearly birthing seasons. Retrospective analysis of historical human infections suspected to have been the result of discrete spillover events directly from nature found 83% (54/65) events occurred during these seasonal pulses in virus circulation, perhaps demonstrating periods of increased risk of human infection. The discovery of two tags at Python Cave from bats marked at Kitaka mine, together with the close genetic linkages evident between viruses detected in geographically distant locations, are consistent with R. aegyptiacus bats existing as a large meta-population with associated virus circulation over broad geographic ranges. These findings provide a basis for developing Marburg hemorrhagic fever risk reduction strategies.",2012,,PLoS pathogens,8,10,e1002877,23055920,10.1371/journal.ppat.1002877,1978,#2869,Amman 2012,Janetta Skarp (2019-03-14 22:03:11)(Screen): May contain info on the 2 human outbreaks studied; ,Extracted; Risk factors; Seroprevalence in animals; Spillover
Genomic analysis of filoviruses associated with four viral hemorrhagic fever outbreaks in Uganda and the Democratic Republic of the Congo in 2012,"Albarino, C. G.; Shoemaker, T.; Khristova, M. L.; Wamala, J. F.; Muyembe, J. J.; Balinandi, S.; Tumusiime, A.; Campbell, S.; Cannon, D.; Gibbons, A.; Bergeron, E.; Bird, B.; Dodd, K.; Spiropoulou, C.; Erickson, B. R.; Guerrero, L.; Knust, B.; Nichol, S. T.; Rollin, P. E.; Stroher, U.","In 2012, an unprecedented number of four distinct, partially overlapping filovirus-associated viral hemorrhagic fever outbreaks were detected in equatorial Africa. Analysis of complete virus genome sequences confirmed the reemergence of Sudan virus and Marburg virus in Uganda, and the first emergence of Bundibugyo virus in the Democratic Republic of the Congo.",2013,,Virology,442,2,97-100,23711383,10.1016/j.virol.2013.04.014,2458,#2883,Albarino 2013,"Janetta Skarp (2019-03-13 03:54:08)(Screen): Outbreak
; ",Extracted; Historical outbreak; Phylogenetic studies; Severity
Transmission potential and design of adequate control measures for Marburg hemorrhagic fever,"Ajelli, M.; Merler, S.","Marburg hemorrhagic fever is rare yet among the most severe diseases affecting humans, with case fatality ratio even higher than 80%. By analyzing the largest documented Marburg hemorrhagic fever epidemic, which occurred in Angola in 2005 and caused 329 deaths, and data on viral load over time in non-human primates, we make an assessment of transmissibility and severity of the disease. We also give insight into the control of new Marburg hemorrhagic fever epidemics to inform appropriate health responses. We estimated the distribution of the generation time to have mean 9 days (95%CI: 8.2-10 days) and standard deviation 5.4 days (95%CI: 3.9-8.6 days), and the basic reproduction number to be R(0) = 1.59 (95%CI: 1.53-1.66). Model simulations suggest that a timely isolation of cases, starting no later than 2-3 days after symptoms onset, is sufficient to contain an outbreak. Our analysis reveals that Marburg hemorrhagic fever is characterized by a relatively small reproduction number and by a relatively long generation time. Such factors, along with the extremely high severity and fatality, support the rare occurrence of large epidemics in human populations. Our results also support the effectiveness of social distancing measures--case isolation in particular--to contain or at least to mitigate an emerging outbreak. This work represents an advance in the knowledge required to manage a potential Marburg hemorrhagic fever epidemic.",2012,,PloS one,7,12,e50948,23251407,10.1371/journal.pone.0050948,2364,#2886,Ajelli 2012,Janetta Skarp (2019-03-13 03:52:02)(Screen): Reference to outbreak; ,Delays; Extracted; Risk factors; Transmissibility
"Undiagnosed Acute Viral Febrile Illnesses, Sierra Leone","Schoepp, Randal J.; Rossi, Cynthia A.; Khan, Sheik H.; Goba, Augustine; Fair, Joseph N.","Sierra Leone in West Africa is in a Lassa fever hyperendemic region that also includes Guinea and Liberia. Each year, suspected Lassa fever cases result in submission of approximate to 500-700 samples to the Kenema Government Hospital Lassa Diagnostic Laboratory in eastern Sierra Leone. Generally only 30%-40% of samples tested are positive for Lassa virus (LASV) antigen and/or LASV-specific IgM; thus, 60%-70% of these patients have acute diseases of unknown origin. To investigate what other arthropod-borne and hemorrhagic fever viral diseases might cause serious illness in this region and mimic Lassa fever, we tested patient serum samples that were negative for malaria parasites and LASV. Using IgM-capture ELISAs, we evaluated samples for antibodies to arthropod-borne and other hemorrhagic fever viruses. Approximately 25% of LASV-negative patients had IgM to dengue, West Nile, yellow fever, Rift Valley fever, chikungunya, Ebola, and Marburg viruses but not to Crimean-Congo hemorrhagic fever virus.",2014,,Emerging Infectious Diseases,20,7,1176-1182,WOS:000338389900011,10.3201/eid2007.131265,616,#3473,Schoepp 2014,"",Attack rate; Extracted
OUTBREAK OF MARBURG VIRUS DISEASE IN JOHANNESBURG,"Gear, J. S. S.; Cassel, G. A.; Gear, A. J.; Trappler, B.; Clausen, L.; Meyers, A. M.; Kew, M. C.; Bothwell, T. H.; Sher, R.; Miller, G. B.; Schneider, J.; Koornhof, H. J.; Gomperts, E. D.; Isaacson, M.; Gear, J. H. S.",,1975,,British Medical Journal,4,5995,489-493,WOS:A1975AX37800009,10.1136/bmj.4.5995.489,1725,#3795,Gear 1975,Janetta Skarp (2019-03-18 23:25:33)(Screen): Duplicate; ,Extracted; Historical outbreak
"Use of protective gear and the occurrence of occupational Marburg hemorrhagic fever in health workers from watsa health zone, democratic republic of the Congo","Borchert, Matthias; Mulangu, Sabue; Lefevre, Pierre; Tshomba, Antoine; Libande, Modeste L.; Kulidri, Amayo; Muyembe-Tamfum, Jean-Jacques; Van der Stuyft, Patrick","Background. Occupational transmission to health workers (HWs) has been a typical feature of Marburg hemorrhagic fever (MHF) outbreaks. The goal of this study was to identify cases of occupational MHF in HWs from Durba and Watsa, Democratic Republic of the Congo; to assess levels of exposure and protection; and to explore reasons for inconsistent use of protective gear. Methods. A serosurvey of 48 HWs who cared for patients with MHF was performed. In addition, HWs were given a questionnaire on types of exposure, use of protective gear, and symptoms after contact. Informal and indepth interviews with HWs were also performed. Results. We found 1 HW who was seropositive for MHF, in addition to 5 cases of occupational MHF known beforehand; 4 infections had occurred after the introduction of infection control. HWs protected themselves better during invasive procedures (injections, venipuncture, and surgery) than during noninvasive procedures, but the overall level of protection in the hospital remained insufficient, particularly outside of isolation wards. The reasons for inconsistent use of protective gear included insufficient availability of the gear, adherence to traditional explanatory models of the origin of disease, and peer bonding with sick colleagues. Conclusions. Infection control must not focus too exclusively on the establishment of isolation wards but should aim at improving overall hospital hygiene. Training of HWs should allow them to voice and discuss their doubts and prepare them for the peculiarities of caring for ill colleagues.",2007,,Journal of Infectious Diseases,196,,S168-S175,WOS:000251090400009,10.1086/520540,1015,#4657,Borchert 2007,Janetta Skarp (2019-08-29 21:13:38)(Select): This paper has a serosurvey for health workers; Janetta Skarp (2019-03-15 20:46:59)(Screen): Risks to health workers?; ,Attack rate; Extracted
"Outbreak of Marburg Hemorrhagic Fever Among Miners in Kamwenge and Ibanda Districts, Uganda, 2007","Adjemian, Jennifer; Farnon, Eileen C.; Tschioko, Florimond; Wamala, Joseph F.; Byaruhanga, Emmanuel; Bwire, Godfrey S.; Kansiime, Edgar; Kagirita, Atek; Ahimbisibwe, Sam; Katunguka, F.; Jeffs, Ben; Lutwama, Julius J.; Downing, Robert; Tappero, Jordan W.; Formenty, Pierre; Amman, Brian; Manning, Craig; Towner, Jonathan; Nichol, Stuart T.; Rollin, Pierre E.","Marburg hemorrhagic fever was detected among 4 miners in Ibanda District, Uganda, from June through September, 2007. Infection was likely acquired through exposure to bats or bat secretions in a mine in Kamwenge District, Uganda, and possibly human-to-human transmission between some patients. We describe the epidemiologic investigation and the health education response.",2011,,Journal of Infectious Diseases,204,,S796-S799,WOS:000295991400007,10.1093/infdis/jir312,787,#4693,Adjemian 2011,Janetta Skarp (2019-03-13 03:46:46)(Screen): Outbreak; ,Extracted; Historical outbreak; Spillover
Viral haemorrhagic fevers and malaria co-infections among febrile patients seeking health care in Tanzania,"Rugarabamu, S.; Rumisha, S. F.; Mwanyika, G. O.; Sindato, C.; Lim, H. Y.; Misinzo, G.; Mboera, L. E. G.","BACKGROUND: In recent years there have been reports of viral haemorrhagic fever (VHF) epidemics in sub-Saharan Africa where malaria is endemic. VHF and malaria have overlapping clinical presentations making differential diagnosis a challenge. The objective of this study was to determine the prevalence of selected zoonotic VHFs and malaria co-infections among febrile patients seeking health care in Tanzania. METHODS: This facility-based cross-sectional study was carried out between June and November 2018 in Buhigwe, Kalambo, Kyela, Kilindi, Kinondoni, Kondoa, Mvomero, and Ukerewe districts in Tanzania. The study involved febrile patients seeking health care from primary healthcare facilities. Blood samples were collected and tested for infections due to malaria, Crimean-Congo haemorrhagic fever (CCHF), Ebola virus disease (EVD), Marburg virus disease (MVD), Rift Valley fever (RVF) and yellow fever (YF). Malaria infections were tested using rapid diagnostics tests while exposure to VHFs was determined by screening for immunoglobulin M antibodies using commercial enzyme-linked immunosorbent assays. The Chi-square test was used to compare the proportions. RESULTS: A total of 308 participants (mean age = 35 ± 19 years) were involved in the study. Of these, 54 (17.5%) had malaria infection and 15 (4.8%) were positive for IgM antibodies against VHFs (RVF = 8; CCHF = 2; EBV = 3; MBV = 1; YF = 1). Six (1.9%) individuals had both VHF (RVF = 2; CCHF = 1; EVD = 2; MVD = 1) and malaria infections. The highest co-infection prevalence (0.6%) was observed among individuals aged 46‒60 years (P < 0.05). District was significantly associated with co-infection (P < 0.05) with the highest prevalence recorded in Buhigwe (1.2%) followed by Kinondoni (0.9%) districts. Headache (100%) and muscle, bone, back and joint pains (83.3%) were the most significant complaints among those infected with both VHFs and malaria (P = 0.001). CONCLUSIONS: Co-infections of VHF and malaria are prevalent in Tanzania and affect more the older than the younger population. Since the overlapping symptoms in co-infected individuals may challenge accurate diagnosis, adequate laboratory diagnosis should be emphasized in the management of febrile illnesses.",2022,Apr 25,Infect Dis Poverty,11,1,33,35462550,10.1186/s40249-022-00959-z,,#5648,Rugarabamu 2022,"",Extracted
